TarGT_Indigene,TarGT_Core,TarGT_Absolute,TarGT_Focus,Germline_Plus,HRR,
AARS1,ABL1,AARS1,ABCB1,ABCB11,ARID1A,
AARS2,AKT1,AARS2,ABCC1,ACACB,ATM,
ABCB4,AKT2,ABCB1,ABL1,ACTA2,ATR,
ABCC2,AKT3,ABCB11,ACVR1B,ACTC1,ATRX,
ABL2,ALK,ABCB4,AKT1,AIP,BARD1,
ACAD8,APC,ABCC1,AKT2,ALK,BLM,
ACO2,AR,ABCC2,AKT3,ANKRD26,BRCA1,
ACTG2,AREG,ABL1,ALK,APC,BRCA2,
ADAR,ARID1A,ABL2,ALOX12B,APOB,BRIP1,
ADCY1,ASXL1,ABRAXAS1,AMER1,ATM,CDK12,
ADSL,ATM,ACACA,APC,ATP7B,CHEK1,
AFF1,ATR,ACACB,AR,AXIN2,CHEK2,
AFF3,ATRX,ACAD8,ARAF,BAP1,EMSY,
AHNAK,BAP1,ACO2,ARFRP1,BARD1,FANCA,
AIFM1,BARD1,ACSL4,ARID1A,BLM,FANCF,
AIP,BCL2,ACTA2,ASXL1,BMPR1A,FANCG,
CTNNB1,BCL6,ACTB,ATM,BRAF,FANCI,
AKAP9,BCR,ACTC1,ATR,BRCA1,FANCL,
AKT1,BRAF,ACTG2,ATRX,BRCA2,FANCM,
AKT3,BRCA1,ACTN4,AURKA,BRIP1,HDAC2,
ALB,BRCA2,ADAR,AURKB,BUB1B,MRE11A,
ALDH1A2,BRIP1,ADCY1,AXIN1,CACNA1S,MSH2,
ALDH2,BTK,ADSL,AXL,CASR,NBN,
ALDOA,CARD11,AFF1,BAP1,CBL,PALB2,
ALG1,CCND1,AFF3,BARD1,CD70,PPP2R2A,
ALKBH2,CCND2,AFF4,BCL2,CDC73,RAD50,
ALKBH3,CCND3,AFP,BCL2L1,CDH1,RAD51B,
ALOX12B,CCNE1,AHNAK,BCL2L2,CDK4,RAD51C,
AMER1,CD274,AIFM1,BCL6,CDKN1B,RAD51D,
ANK1,CD79A,AIG1,BCOR,CDKN1C,RAD54L,
ANK3,CD79B,AIP,BCORL1,CDKN2A,RBBP8,
ANKRD11,CDH1,AKAP13,BCR,CEBPA,RECQ1,
ANKRD26,CDK12,AKAP4,BRAF,CEP57,SLX4,
APC,CDK4,AKAP9,BRCA1,CFTR,WRN,
APEX1,CDK6,AKT1,BRCA2,CHEK2,XRCC2,
APEX2,CDKN1B,AKT2,BRD4,COL3A1,XRCC3,
APH1A,CDKN2A,AKT3,BRIP1,COL7A1,,
APLF,CDKN2B,ALB,BTG1,CTNNA1,,
APOBEC3A,CEBPA,ALDH1A2,BTG2,CTRC,,
APOBEC3B,CHEK1,ALDH2,BTK,CYLD,,
APOBEC3C,CHEK2,ALDOA,CALR,DDB2,,
APOBEC3D,CREBBP,ALG1,CARD11,DDX41,,
APOBEC3G,CSF1R,ALK,CASP8,DICER1,,
APOBEC3H,CTNNB1,ALK,CBFB,DIS3L2,,fusion
APTX,DDR2,ALKBH2,CBL,DKC1,,(ABH2)
AR,DNMT3A,ALKBH3,CCND1,DSC2,,(DEPC1)
ARAF,EGFR,ALOX12B,CCND2,DSG2,,
ARF1,EP300,AMELY,CCND3,DSP,,
ARFGEF2,ERBB2,AMER1,CCNE1,DYZ3,,
ARHGAP26,ERBB3,ANK1,CD22,EGFR,,
ARHGAP35,ERBB4,ANK3,CD274,ELANE,,
ARID1B,ERCC1,ANKLE1,CD70,EPCAM,,
ARID2,ERCC2,ANKRD11,CD74,ERCC1,,
ARID3A,ERCC4,ANKRD26,CD79A,ERCC2,,
ARID3B,ERCC5,ANKRD28,CD79B,ERCC3,,
ARID4A,EREG,ANO1,CDC73,ERCC4,,
ASPM,ERG,AP3S1,CDH1,ERCC5,,
ASXL1,ESR1,APC,CDK12,ETV6,,
ATM,EZH2,APEX1,CDK4,EXO1,,(APE1)
ATP6AP2,FAM175A,APEX2,CDK6,EXT1,,
ATP8A2,FANCA,APH1A,CDK8,EXT2,,
ATRIP,FANCC,APLF,CDKN1A,EZH2,,
ATXN2,FANCD2,APOB,CDKN1B,FAH,,
AURKA,FANCG,APOBEC3A,CDKN2A,FAM175A,,
AXIN1,FANCI,APOBEC3B,CDKN2C,FANCA,,
AXIN2,FANCL,APOBEC3C,CEBPA,FANCB,,
BAX,FBXW7,APOBEC3D,CHEK1,FANCC,,
BAZ1A,FGF1,APOBEC3G,CHEK2,FANCD2,,
BCL10,FGF10,APOBEC3H,CIC,FANCE,,
BCL11A,FGF14,APTX,CREBBP,FANCF,,
BCL3,FGF19,AR,CRKL,FANCG,,
BCL9,FGF2,ARAF,CSF1R,FANCI,,
BCORL1,FGF23,ARF1,CSF3R,FANCL,,
BCS1L,FGF3,ARFGEF2,CTCF,FANCM,,
BIN1,FGF4,ARHGAP26,CTNNA1,FBN1,,
BLM,FGF5,ARHGAP35,CTNNB1,FH,,
BMPR2,FGF6,ARHGEF12,CUL3,FLCN,,
BRF1,FGF7,ARHGEF19,CUL4A,GALNT12,,
BTG1,FGF8,ARID1A,CXCR4,GATA2,,
BTG2,FGF9,ARID1B,CYP17A1,GBA,,
BTK,FGFR1,ARID2,CYP2B6,GLA,,
BUB1B,FGFR2,ARID3A,CYP2C19,GPC3,,
CACNA1A,FGFR3,ARID3B,CYP2C8,GREM1,,
CACNA1D,FGFR4,ARID4A,CYP2D6,HFE,,
CAD,FLCN,ARNT,DAXX,HNF1A,,
CAMTA1,FLT1,ASPM,DDR1,HOXB13,,
CANT1,FLT3,ASPSCR1,DDR2,HRAS,,
CAPG,FOXL2,ASXL1,DHFR,IKZF1,,
CARD11,GNA11,ASXL2,DIS3,KCNH2,,
KNL1,GNAQ,ATF1,DNMT3A,KCNQ1,,
CASP8,GNAS,ATF7IP,DOT1L,KIT,,
CASR,HNF1A,ATG7,DPYD,KITLG,,
CBFA2T3,HRAS,ATM,EED,KRAS,,
CBL,IDH1,ATP6AP2,EGFR,L1CAM,,
CCNA2,IDH2,ATP7B,EMSY,LDLR,,
CCNC,INPP4B,ATP8A2,EP300,LMNA,,
CCND2,JAK1,ATR,EPHA3,LZTR1,,
CCNE1,JAK2,ATRIP,EPHB1,MAP2K1,,
CCNH,JAK3,ATRX,EPHB4,MAP2K2,,
CCNL1,JFGF14,ATXN2,ERBB2,MAX,,
CCT5,KDR,AURKA,ERBB3,MEN1,,
CD274,KEAP1,AURKB,ERBB4,MEN2A,,
CD36,KIT,AXIN1,ERCC1,MEN2B,,
CD70,KMT2A,AXIN2,ERCC2,MET,,
CD79A,KMT2C,AXL,ERCC4,MITF,,
CD79B,KMT2D,B2M,ERCC5,MLH1,,
CDC25B,KRAS,BAIAP2,ERG,MLH3,,
CDC73,LAMP1,BAP1,ERRFI1,MRE11A,,
CDH1,MAP2K1,BARD1,ESR1,MSH2,,
CDH11,MAP2K2,BAX,ETV4,MSH3,,
CDK7,MCL1,BAZ1A,ETV5,MSH6,,
CDKN1A,MDM2,BCL10,ETV6,MUTYH,,
CDKN1B,MDM2,BCL11A,EWSR1,MYBPC3,,
CDKN1C,MDM4,BCL2,EZH2,MYH1,,
CDKN2A,MEN1,BCL3,EZR,MYH11,,
CDKN2C,MET,BCL6,FAM46C,MYH7,,
CDON,MLH1,BCL9,FANCA,MYL2,,
CDT1,MLLT3,BCOR,FANCC,MYL3,,
CEBPA,MPL,BCORL1,FANCD2,NBN,,
CENPE,MRE11,BCR,FANCG,NF1,,
CEP290,MRE11A,BCS1L,FANCL,NF2,,
CEP57,MSH2,BEX4,FAS,NOP56,,
CETN2,MSH3,BIN1,FBXW7,NRAS,,
CFH,MSH6,BLM,FGF10,NSD1,,
CFTR,MTOR,BMPR1A,FGF12,NSUN2,,
CHD1,MUTYH,BMPR2,FGF14,NTHL1,,
CHD2,MYC,BPY1,FGF19,OTC,,(VCY)
CHD3,MYCL1,BPY2,FGF23,PALB2,,
CHD4,MYCN,BRAF,FGF3,PALLD,,
CHD8,MYD88,BRCA1,FGF4,PAX5,,
CHEK1,NBN,BRCA2,FGF6,PCSK9,,
CHEK2,NF1,BRD4,FGFR1,PDGFRA,,
CHN1,NF2,BRF1,FGFR2,PHOX2B,,
CIITA,NFE2L2,BRIP1,FGFR3,PKP2,,
CLK2,NOTCH1,BTG1,FGFR4,PMS1,,
CLP1,NOTCH2,BTG2,FH,PMS2,,
CNTNAP1,NOTCH3,BTK,FLCN,POLD1,,
CNTNAP2,NPM1,BUB1B,FLT1,POLE,,
COG8,NRAS,CACNA1A,FLT3,POLH,,
COL18A1,NRG1,CACNA1D,FLT4,POT1,,
COL2A1,NTRK1,CACNA1S,FOXL2,PPM1D,,
COL3A1,NTRK2,CAD,FUBP1,PRF1,,
COL4A3,NTRK3,CAMTA1,GABRA6,PRKAG2,,
COQ4,PALB2,CANT1,GATA1,PRKAR1A,,
COX6B1,PDGFRA,CAPG,GATA3,PRPF8,,
CPS1,PDGFRB,CARD11,GATA4,PRSS1,,
CRBN,PIK3CA,CASP8,GATA6,PTCH1,,
CREB3L2,PIK3CB,CASR,GID4,PTEN,,
CREBBP,PIK3R1,CBFA2T3,GNA11,PTPN11,,
CRKL,POLD1,CBFB,GNA13,RAD50,,
CRTC1,POLE,CBL,GNAQ,RAD51B,,
CRTC2,PPP2R2A,CBX3,GNAS,RAD51C,,
CST5,PTCH1,CCDC6,GRM3,RAD51D,,
CTBP1,PTEN,CCN6,GSK3B,RAD54L,,
CTCF,PTPN11,CCNA2,GSTP1,RAF1,,
CTDNEP1,RAD50,CCNC,H3F3A,RASA2,,
CTLA4,RAD51,CCND1,HDAC1,RB1,,
CTNNA1,RAD51B,CCND2,HGF,RECQL4,,
CTNND1,RAD51C,CCND3,HNF1A,REST,,
CTPS1,RAD51D,CCNE1,HRAS,RET,,
CTR9,RAD52,CCNH,HSD3B1,RHBDF2,,
CTRC,RAD54L,CCNL1,ID3,RIT1,,
CUL3,RAF1,CCT5,IDH1,RRAS,,
CUL4A,RARA,CD19,IDH2,RUNX1,,
CYLD,RB1,CD22,IGF1R,RYR1,,
CYP17A1,RBM10,CD274,IKBKE,RYR2,,
CYP19A1,RET,CD36,IKZF1,SAMD9L,,
DAPK1,RICTOR,CD38,INPP4B,SBDS,,
DCC,RIT1,CD5,IRF2,SCN5A,,
DCLRE1A,RNF43,CD70,IRF4,SDHA,,
DCLRE1B,ROS1,CD79A,IRS2,SDHAF2,,
DCLRE1C,RPS6KB1,CD79B,JAK1,SDHB,,
DCTN1,SDHA,CDC25B,JAK2,SDHC,,
DCUN1D1,SDHB,CDC73,JAK3,SDHD,,
DDB1,SETD2,CDH1,JUN,SERPINA1,,
DDB2,SMAD4,CDH11,KDM5A,SHOC2,,
DDIT3,SMARCA4,CDK12,KDM5C,SLC25A13,,
DDOST,SMARCB1,CDK4,KDM6A,SLX4,,
DDR2,SMO,CDK6,KDR,SMAD3,,
DDX3X,SPOP,CDK7,KEAP1,SMAD4,,
DDX41,SRC,CDK8,KEL,SMARCA4,,
DDX6,STK11,CDKN1A,KIT,SMARCB1,,
DEK,TFRC,CDKN1B,KLHL6,SMARCE1,,
GSDME,TMPRSS2,CDKN1C,KMT2A,SOS1,,
DHPS,TOP2A,CDKN2A,KMT2D,SOS2,,
DICER1,TP53,CDKN2B,KRAS,SPINK1,,
DIS3L2,TSC1,CDKN2C,LTK,SPRED1,,
DKC1,TSC2,CDON,LYN,SRP72,,
DKK1,VEGFA,CDT1,MAF,SRY,,
DKK3,VHL,CEACAM5,MAP2K1,STK11,,
DLC1,XRCC1,CEACAM7,MAP2K2,SUFU,,
DLD,XRCC2,CEBPA,MAP2K4,TERC,,
DMC1,,CENPE,MAP3K1,TERT,,
DMD,,CEP290,MAP3K13,TGFBR1,,
DNA2,,CEP43,MAPK1,TGFBR2,,
DNAJC11,,CEP57,MCL1,TINF2,,
DNAJC3,,CEP72,MDM2,TMEM127,,
DNM2,,CETN2,MDM4,TMEM43,,
DNMT1,,CFH,MED12,TNFRSF6,,
DNMT3B,,CFTR,MEF2B,TNFSF13B,,
DNPH1,,CHD1,MEN1,TNNI3,,
DOCK2,,CHD2,MERTK,TNNT2,,
DOCK8,,CHD3,MET,TP53,,
DPYD,,CHD4,MITF,TPCN2,,
DSCAM,,CHD7,MKNK1,TPM1,,
SEM1,,CHD8,MLH1,TSC1,,
DUSP22,,CHEK1,MPL,TSC2,,
DUSP4,,CHEK2,MRE11A,VHL,,
DUT,,CHN1,MSH2,WRN,,
E2F1,,CIITA,MSH3,WT1,,
EFTUD2,,CKB,MSH6,XPA,,
EGLN1,,CLIP1,MST1R,XPC,,
EGR1,,CLK2,MTAP,XRCC2,,
EGR2,,CLP1,MTHFR,,,
EIF2AK3,,CLTC,MTOR,,,
EIF4E,,CLUL1,MUTYH,,,
ELAC2,,CNKSR2,MYB,,,
ELANE,,CNTNAP1,MYC,,,
ELF3,,CNTNAP2,MYCL,,,
ELL,,COG8,MYCN,,,
ELN,,COL18A1,MYD88,,,
EME1,,COL1A1,NBN,,,
EME2,,COL2A1,NF1,,,
ENDOV,,COL3A1,NF2,,,
EP300,,COL4A3,NFE2L2,,,
EPAS1,,COL7A1,NFKBIA,,,
EPB41,,COQ4,NKX2-1,,,
EPHB4,,COX6B1,NOTCH1,,,
EPHX1,,CPQ,NOTCH2,,,
EPS15,,CPS1,NOTCH3,,,
ERBB2,,CRBN,NPM1,,,
ERBB3,,CREB3L2,NRAS,,,
ERBB4,,CREBBP,NT5C2,,,
ERCC1,,CRKL,NTRK1,,,
ERCC2,,CRLF2,NTRK2,,,
ERCC3,,CRTC1,NTRK3,,,
ERCC4,,CRTC2,NUTM1,,,
ERCC5,,CRYBG3,P2RY8,,,
ERCC6,,CSF1R,PALB2,,,
ERCC8,,CSF3R,PARK2,,,
ERF,,CST5,PARP1,,,
ERRFI1,,CT55,PARP2,,,
ESCO2,,CTAG1B,PARP3,,,
ESR1,,CTAG2,PAX5,,,
ESR2,,CTBP1,PBRM1,,,
ETS1,,CTBS,PDCD1,,,
ETS2,,CTCF,PDCD1LG2,,,
ETV1,,CTDNEP1,PDGFRA,,,
ETV6,,CTLA4,PDGFRB,,,
EXO5,,CTNNA1,PDK1,,,
EXOSC2,,CTNNB1,PIK3C2B,,,
EXT1,,CTNND1,PIK3C2G,,,
EXT2,,CTPS1,PIK3CA,,,
EZR,,CTR9,PIK3CB,,,
F8,,CTRC,PIK3R1,,,
FAN1,,CUL3,PIK3R2,,,
FANCA,,CUL4A,PIM1,,,
FANCB,,CXCL13,PLK1,,,
FANCC,,CYLD,PMS2,,,
FANCD2,,CYP17A1,POLD1,,,
FANCE,,CYP19A1,POLE,,,
FANCF,,DAPK1,PPARG,,,
FANCG,,DAX1,PPP2R1A,,,(NR0B1)
FANCI,,DCC,PPP2R2A,,,
FANCL,,DCLRE1A,PRDM1,,,
FANCM,,DCLRE1B,PRKAR1A,,,
FARS2,,DCLRE1C,PRKCD,,,
FASN,,DCTN1,PRKCI,,,
FAT1,,DCUN1D1,PTCH1,,,
FAT3,,DDB1,PTEN,,,
FAT4,,DDB2,PTPN11,,,
FBN2,,DDIT3,PTPRO,,,
FBXO31,,DDOST,QKI,,,
FBXW7,,DDR2,RAC1,,,
FCGR2B,,DDX3X,RAD21,,,
FDXR,,DDX41,RAD50,,,
FEN1,,DDX6,RAD51,,,
FERMT1,,DEK,RAD51B,,,
FES,,DENND2B,RAD51C,,,
FGF10,,DHPS,RAD52,,,
FGF2,,DICER1,RAD54L,,,
FGF3,,DIS3L2,RAF1,,,
FGF4,,DKC1,RARA,,,
FGF6,,DKK1,RB1,,,
FGF8,,DKK3,RBM10,,,
FH,,DLC1,REL,,,
FHIT,,DLD,RET,,,
FLCN,,DLG2,RICTOR,,,
FLI1,,DLL4,RNF43,,,
FLNA,,DMC1,ROS1,,,
FLT4,,DMD,RPTOR,,,
FMR1,,DNA2,RRM1,,,
FOSL1,,DNAJB1,RSPO2,,,
FOXC1,,DNAJC11,SDC4,,,
FOXF1,,DNAJC3,SDHA,,,
FOXO1,,DNM2,SDHB,,,
FOXO3,,DNMT1,SDHC,,,
FOXP1,,DNMT3A,SDHD,,,
FOXP3,,DNMT3B,SETD2,,,
FSTL3,,DNPH1,SF3B1,,,
FYN,,DNTT,SGK1,,,
FZR1,,DOCK2,SLC29A1,,,
GALNT12,,DOCK8,SLC34A2,,,
GALNT14,,DOT1L,SLCO1B1,,,
GALR1,,DPYD,SMAD2,,,
GAS7,,DSC2,SMAD4,,,
GATA1,,DSCAM,SMARCA4,,,
GATA2,,DSG2,SMARCB1,,,
GATA4,,DSP,SMO,,,
GATA6,,DTL,SNCAIP,,,
GEN1,,DTX2,SOCS1,,,
GFI1,,DUSP22,SOX9,,,
GJA1,,DUSP4,SPARC,,,
GJB2,,DUSP6,SPEN,,,
GLI1,,DUT,SPOP,,,
GLI2,,E2F1,SRC,,,
GMPPB,,EEF1A1,STAG2,,,
GNA11,,EFTUD2,STAT3,,,
GNA13,,EGFR,STK11,,,
GNAQ,,EGLN1,STK11IP,,,
GNAS,,EGR1,SUFU,,,
GNB1L,,EGR2,SULT1A1,,,
GNMT,,EHD1,SYK,,,
GOLGA5,,EIF2AK3,TBX3,,,
GORAB,,EIF4E,TEK,,,
GPC3,,ELAC2,TGFBR2,,,
GPHN,,ELANE,TIPARP,,,
GPSM2,,ELF1,TMPRSS2,,,
GREM1,,ELF3,TNFAIP3,,,
GRHL2,,ELL,TNFRSF14,,,
GRIN2A,,ELN,TOP1,,,
GSTM1,,ELP1,TOP2A,,,
GSTT1,,EME1,TOP2B,,,
GTF2E2,,EME2,TP53,,,
GTF2H1,,EML4,TPMT,,,
GTF2H3,,EMSY,TSC1,,,
GTF2H4,,ENDOV,TSC2,,,
GTF2H5,,EP300,TYMP,,,
GTF3C1,,EP400,TYRO3,,,
H19,,EPAS1,U2AF1,,,
H2AX,,EPB41,VEGFA,,,
H3-3A,,EPCAM,VHL,,,
HACE1,,EPHA2,WHSC1,,,
HCFC1,,EPHA6,WHSC1L1,,,
HDAC3,,EPHB4,WT1,,,
HDAC4,,EPHX1,XPA,,,
HELQ,,EPOR,XPC,,,
HERC2,,EPS15,XPO1,,,
HFM1,,ERBB2,XRCC1,,,
HGF,,ERBB2,XRCC2,,,fusion
HINT1,,ERBB3,ZNF217,,,
HIRA,,ERBB4,ZNF703,,,
H3C3,,ERCC1,,,,
HLTF,,ERCC2,,,,
HMCES,,ERCC3,,,,
HMGA2,,ERCC4,,,,
HMMR,,ERCC5,,,,
HNF1A,,ERCC6,,,,
HOXB13,,ERCC6L,,,,
HOXD13,,ERCC8,,,,
HRAS,,ERF,,,,
HTRA1,,ERG,,,,
HTRA2,,ERI1,,,,
HUS1,,ERRFI1,,,,
IDH1,,ESCO2,,,,
IDH2,,ESR1,,,,
IFNGR1,,ESR2,,,,
IGF1,,ETS1,,,,
IGF2,,ETS2,,,,
IGF2R,,ETV1,,,,
IGFBP3,,ETV4,,,,
ELP1,,ETV5,,,,
IKZF1,,ETV6,,,,
IL17RD,,EWSR1,,,,
IL2,,EXO1,,,,
IL21R,,EXO5,,,,
IL7R,,EXOSC2,,,,
ILK,,EXT1,,,,
INO80,,EXT2,,,,
INPP4B,,EZH2,,,,
INSR,,EZR,,,,
INTS6,,F8,,,,
IRF1,,FAAP100,,,,
IRF2,,FAAP20,,,,
IRF4,,FAAP24,,,,
IRF6,,FAH,,,,
IRF8,,FAM133B,,,,
ITGA6,,FAN1,,,,
ITGA7,,FANCA,,,,
ITGAV,,FANCB,,,,
ITGB3,,FANCC,,,,
ITGB5,,FANCD2,,,,
ITK,,FANCE,,,,
ITPA,,FANCF,,,,
JAG1,,FANCG,,,,
JAK2,,FANCI,,,,
JAK3,,FANCL,,,,
JAZF1,,FANCM,,,,
JUN,,FARS2,,,,
JUNB,,FAS,,,,(TNFRSF6)
KANK1,,FASN,,,,
KAT6A,,FAT1,,,,
KAT6B,,FAT3,,,,
KCNH2,,FAT4,,,,
KCNJ5,,FATE1,,,,
KDM2B,,FBN1,,,,
KDM3B,,FBN2,,,,
KDM5C,,FBXO31,,,,
KEAP1,,FBXO32,,,,
KIF14,,FBXW7,,,,
KIF1B,,FCER2,,,,
KIT,,FCGR2B,,,,
KITLG,,FDXR,,,,
KL,,FEN1,,,,
KLF4,,FERMT1,,,,
KLF5,,FES,,,,
KLF6,,FGF1,,,,
KMT2C,,FGF10,,,,
KMT2D,,FGF14,,,,
KRAS,,FGF19,,,,
KRIT1,,FGF2,,,,
LAMA2,,FGF23,,,,
LAMC2,,FGF3,,,,
LATS1,,FGF4,,,,
LATS2,,FGF5,,,,
LCK,,FGF6,,,,
LEPR,,FGF7,,,,
LGI1,,FGF8,,,,
LHX4,,FGF9,,,,
LIFR,,FGFR1,,,,
LIG1,,FGFR2,,,,
LIG3,,FGFR3,,,,
LIG4,,FGFR4,,,,
LMO1,,FH,,,,
LMO2,,FHIT,,,,
LONP1,,FLCN,,,,
LOX,,FLI1,,,,
LRIG3,,FLNA,,,,
LRP1B,,FLT1,,,,
LRP6,,FLT3,,,,
LRPPRC,,FLT4,,,,
LRRK2,,FMR1,,,,
LYL1,,FN1,,,,
LZTR1,,FNDC3B,,,,
MAD1L1,,FNIP2,,,,
MAD2L2,,FOLR1,,,,
MAFB,,FOSL1,,,,
MAGI2,,FOXC1,,,,
MAP2K1,,FOXF1,,,,
MAP2K4,,FOXL2,,,,
MAP3K1,,FOXO1,,,,
MAP3K14,,FOXO3,,,,
MAPK1,,FOXP1,,,,
MAX,,FOXP3,,,,
MBD4,,FSTL3,,,,
MC1R,,FUBP1,,,,
MCM8,,FUS,,,,
MCPH1,,FXYD5,,,,
MDC1,,FYN,,,,
MED12,,FZR1,,,,
MED13,,G6PD,,,,
MED17,,GAB1,,,,
MED23,,GALNT12,,,,
MEF2A,,GALNT14,,,,
MEF2C,,GALR1,,,,
MEG3,,GAPDH,,,,
MEN1,,GAS7,,,,
MERTK,,GATA1,,,,
MFN2,,GATA2,,,,
MFSD2A,,GATA3,,,,
MGMT,,GATA4,,,,
MIB1,,GATA6,,,,
MLF1,,GBA,,,,
PMS1,,GEN1,,,,
MLH3,,GET1,,,,
MLLT1,,GFI1,,,,
MLLT10,,GJA1,,,,
MLLT11,,GJB2,,,,
MLLT6,,GLA,,,,
MMP2,,GLI1,,,,
MMS19,,GLI2,,,,
MN1,,GMPPB,,,,
MNAT1,,GNA11,,,,
MPG,,GNA13,,,,
MPL,,GNAQ,,,,
MPLKIP,,GNAS,,,,
MRE11,,GNB1L,,,,
MRPS22,,GNMT,,,,
MSH2,,GOLGA5,,,,
MSH3,,GORAB,,,,
MSR1,,GOT1,,,,
MST1,,GPC3,,,,
MTAP,,GPHN,,,,
MTHFR,,GPSM2,,,,
mTOR,,GPX4,,,,
MUC1,,GREB1,,,,
MUTYH,,GREM1,,,,
MVK,,GRHL2,,,,
MYBBP1A,,GRIN2A,,,,
MYBL2,,GSDME,,,,
MYCN,,GSK3B,,,,
MYD88,,GSTM1,,,,
MYH10,,GSTT1,,,,
MYH11,,GTF2E2,,,,
MYH14,,GTF2H1,,,,
MYH9,,GTF2H2,,,,
MYO18B,,GTF2H3,,,,
NABP2,,GTF2H4,,,,
NALCN,,GTF2H5,,,,
NBEA,,GTF3C1,,,,
NBN,,GUSB,,,,
NCF2,,H19,,,,
NCOA1,,H2AX,,,,
NCOA3,,H3-3A,,,,
NCOA4,,H3C3,,,,
NDE1,,HACE1,,,,
NDRG1,,HCFC1,,,,
NDUFS3,,HDAC3,,,,
NEB,,HDAC4,,,,
NEIL1,,HDAC6,,,,
NEIL2,,HELQ,,,,
NEIL3,,HERC2,,,,
NF1,,HEY1,,,,
NFE2L2,,HFE,,,,
NFKB1,,HFM1,,,,
NFKB2,,HGF,,,,
NIN,,HIF1A,,,,
NIPBL,,HINT1,,,,
NKX2-1,,HIRA,,,,
NKX3-1,,HLTF,,,,
NLRP1,,HMBS,,,,
NLRP3,,HMCES,,,,
NONO,,HMGA2,,,,
NOTCH1,,HMMR,,,,
NOTCH2,,HNF1A,,,,
NOTCH3,,HOXA10,,,,
NPRL2,,HOXA9,,,,
NR3C1,,HOXB13,,,,
NR4A3,,HOXD13,,,,
NRAS,,HPRT1,,,,
NSD1,,HRAS,,,,
NSUN2,,HSP90AB1,,,,
NTHL1,,HSPA8,,,,
NUP93,,HTRA1,,,,
OGG1,,HTRA2,,,,
OGT,,HUS1,,,,
OLIG2,,HUWE1,,,,
OPCML,,ICOS,,,,
OSGEP,,IDH1,,,,
PALB2,,IDH2,,,,
PALLD,,IFNGR1,,,,
PARG,,IGF1,,,,
PRKN,,IGF1R,,,,
PARP1,,IGF2,,,,
PARP2,,IGF2R,,,,
PARP3,,IGFBP3,,,,
PARPBP,,IKZF1,,,,
PATZ1,,IL17RD,,,,
PAX2,,IL2,,,,
PAX4,,IL21R,,,,
PAX5,,IL7R,,,,
PAX6,,ILK,,,,
PAXIP1,,INO80,,,,
PBRM1,,INPP4B,,,,
PBX1,,INSR,,,,
PC,,INTS6,,,,
PCM1,,IPO8,,,,
PCNA,,IRF1,,,,
PCYT1A,,IRF2,,,,
PDCD1,,IRF4,,,,
PDGFB,,IRF6,,,,
PDGFRA,,IRF8,,,,
PDS5B,,ITGA6,,,,
PDX1,,ITGA7,,,,
PHLPP1,,ITGAV,,,,
PHOX2B,,ITGB3,,,,
PIGA,,ITGB5,,,,
PIK3CA,,ITK,,,,
PIK3CD,,ITPA,,,,
PIK3CG,,ITPR2,,,,
PIK3R2,,JAG1,,,,
PIK3R3,,JAK1,,,,
PIM1,,JAK2,,,,
PKD1,,JAK3,,,,
PLCB1,,JAZF1,,,,
PLCE1,,JUN,,,,
PLCG2,,JUNB,,,,
PLEC,,JUP,,,,
PLEKHG2,,KANK1,,,,
PLK2,,KANSL1,,,,
PMS2,,KAT6A,,,,
PMS2P3,,KAT6B,,,,
PNKP,,KCNH2,,,,
PNN,,KCNJ5,,,,
PNPT1,,KCNQ1,,,,
POLA1,,KDM2B,,,,
POLB,,KDM3B,,,,
POLD1,,KDM5C,,,,
POLD2,,KDM5D,,,,
POLD3,,KDM6A,,,,
POLD4,,KDR,,,,
POLE,,KEAP1,,,,
POLE2,,KIF13B,,,,
POLE3,,KIF14,,,,
POLE4,,KIF1B,,,,
POLG,,KIF5B,,,,
POLH,,KIT,,,,
POLI,,KITLG,,,,
POLK,,KL,,,,
POP1,,KLF4,,,,
POR,,KLF5,,,,
POT1,,KLF6,,,,
POU2AF1,,KMT2A,,,,
PPA2,,KMT2C,,,,
PPARG,,KMT2D,,,,
PPM1D,,KNL1,,,,
PPP2R1A,,KRAS,,,,
PRDM1,,KRIT1,,,,
PRDM16,,L1CAM,,,,
PRDM2,,LAMA2,,,,
PRF1,,LAMC2,,,,
PRICKLE1,,LAMP1,,,,
PRIMPOL,,LATS1,,,,
PRKAR1A,,LATS2,,,,
PRKCD,,LCK,,,,
PRKCI,,LDLR,,,,
PRKD1,,LEPR,,,,
PRKDC,,LGI1,,,,
PRODH,,LHX4,,,,
PRPF19,,LIFR,,,,
PRRX1,,LIG1,,,,
PRSS1,,LIG3,,,,
PRX,,LIG4,,,,
PTCH2,,LITAF,,,,
PTEN,,LMNA,,,,
PTPN11,,LMO1,,,,
PTPN2,,LMO2,,,,
PTPN23,,LMO7,,,,
PTPN6,,LONP1,,,,
PTPRC,,LOX,,,,
PTPRD,,LRIG3,,,,
PTPRJ,,LRP1B,,,,
PTPRK,,LRP5,,,,
PTTG1,,LRP6,,,,
PYGL,,LRPPRC,,,,
RAD21,,LRRK2,,,,
RAD23A,,LYL1,,,,
RAD23B,,LYN,,,,
RAD50,,LZTR1,,,,
RAD51,,MAD1L1,,,,
RAD51D,,MAD2L2,,,,
RAD9A,,MAF,,,,
RALA,,MAFB,,,,
RANBP2,,MAGEA2,,,,
RARB,,MAGEC1,,,,
RASA1,,MAGEC2,,,,
RASA2,,MAGEC3,,,,
RASSF1,,MAGI2,,,,
RBBP8,,MAP2K1,,,,
RBM10,,MAP2K2,,,,
RBM15,,MAP2K4,,,,
RBX1,,MAP3K1,,,,
RDM1,,MAP3K14,,,,
RECQL,,MAPK1,,,,
RECQL4,,MAPKAPK5,,,,
RECQL5,,MAX,,,,
REL,,MBD4,,,,
RELN,,MC1R,,,,
REST,,MCL1,,,,
REV1,,MCM4,,,,
REV3L,,MCM8,,,,
RFC1,,MCPH1,,,,
RFC2,,MDC1,,,,
RFC3,,MDM2,,,,
RFC5,,MDM4,,,,
RHBDF2,,MECOM,,,,
RHOA,,MED12,,,,
RINT1,,MED13,,,,
RIT1,,MED17,,,,
RMI1,,MED23,,,,
RNASET2,,MEF2A,,,,
RNF168,,MEF2C,,,,
RNF213,,MEG3,,,,
RNF8,,MEN1,,,,
RNPC3,,MERTK,,,,
ROBO1,,MET,,,,
ROBO2,,MET,,,,fusion
RPA2,,MFN2,,,,
RPA3,,MFSD2A,,,,
RPA4,,MGMT,,,,
RPIA,,MIB1,,,,
RRAS,,MITF,,,,
RRAS2,,MLF1,,,,
RSPO2,,MLH1,,,,
RTN4IP1,,MLH3,,,,
RTTN,,MLLT1,,,,
RUNX1T1,,MLLT10,,,,
SAFB2,,MLLT11,,,,
SALL4,,MLLT3,,,,
SAMD9L,,MLLT6,,,,
SAMHD1,,MME,,,,
SARS2,,MMP2,,,,
SBDS,,MMS19,,,,
SDHAF2,,MN1,,,,
SDHC,,MNAT1,,,,
SDHD,,MPG,,,,
SEC24D,,MPL,,,,
SERPINC1,,MPLKIP,,,,
SERPINE1,,MPP1,,,,
SET,,MRE11,,,,
SETBP1,,MRPL19,,,,
SETD5,,MRPS22,,,,
SETMAR,,MS4A1,,,,
SF3B1,,MSH2,,,,
SFRP1,,MSH3,,,,
SFRP5,,MSH4,,,,
SH2D1A,,MSH5,,,,
SH3GL1,,MSH6,,,,
SHH,,MSR1,,,,
SHLD1,,MST1,,,,
SHLD2,,MTAP,,,,
SHLD3,,MTHFR,,,,
SHOC2,,MTOR,,,,
SHPRH,,MUC1,,,,
SIK1,,MUS81,,,,
SIN3A,,MUTYH,,,,
SKI,,MVK,,,,
SLC16A1,,MYB,,,,
SLC22A5,,MYBBP1A,,,,
SLC26A3,,MYBL2,,,,
SLC29A3,,MYBPC3,,,,
SLC2A1,,MYC,,,,
SLC6A2,,MYCL,,,,
SLC6A5,,MYCN,,,,
SLCO1B3,,MYD88,,,,
SLX1A,,MYH1,,,,
SLX1B,,MYH10,,,,
SLX4,,MYH11,,,,
SMAD2,,MYH14,,,,
SMAD3,,MYH7,,,,
SMAD4,,MYH9,,,,
SMARCA2,,MYL2,,,,
SMARCA4,,MYL3,,,,
SMARCE1,,MYO18B,,,,
SMC1A,,NABP2,,,,
SMC3,,NALCN,,,,
SMC5,,NBAS,,,,
SMC6,,NBEA,,,,
SMO,,NBN,,,,
SMUG1,,NCF2,,,,
SOCS1,,NCOA1,,,,
SOCS3,,NCOA2,,,,
SOD2,,NCOA3,,,,
SOS1,,NCOA4,,,,
SOS2,,NDE1,,,,
SOX10,,NDRG1,,,,
SOX11,,NDUFS3,,,,
SPECC1,,NEB,,,,
SPEN,,NEBL,,,,
SPIDR,,NEIL1,,,,
SPINK1,,NEIL2,,,,
SPO11,,NEIL3,,,,
SPRED1,,NF1,,,,
SPRTN,,NF2,,,,
SPTAN1,,NFE2L2,,,,
SRC,,NFIB,,,,
SSBP1,,NFKB1,,,,
SSX1,,NFKB2,,,,
ST13,,NHEJ1,,,,
DENND2B,,NIN,,,,
STAG1,,NIPBL,,,,
STAG2,,NKX2-1,,,,
STAMBP,,NKX3-1,,,,
STAT1,,NLRP1,,,,
STAT3,,NLRP3,,,,
STAT5A,,NOMO1,,,,
STAT5B,,NONO,,,,
STK11,,NOP56,,,,
STK4,,NOTCH1,,,,
SUFU,,NOTCH2,,,,
SWI5,,NOTCH3,,,,
SWSAP1,,NPM1,,,,
SYK,,NPRL2,,,,
SYNE1,,NR3C1,,,,
SYT6,,NR4A3,,,,
TAF15,,NRAS,,,,
TAL1,,NRG1,,,,
TAL2,,NSD1,,,,
TAP1,,NSD2,,,,
TAFAZZIN,,NSD3,,,,
TBX5,,NSUN2,,,,
TCF12,,NTHL1,,,,
TCF4,,NTRK1,,,,
TCF7L2,,NTRK2,,,,
TCL1A,,NTRK3,,,,
TCL1B,,NUDT1,,,,
TDG,,NUDT1,,,,
TDP1,,NUDT15,,,,
TDP2,,NUDT18,,,,
TEK,,NUP214,,,,
TERC,,NUP93,,,,
TET2,,NUP98,,,,
TFAP2A,,NUTM1,,,,
TFG,,OFD1,,,,
GTF2H2,,OGG1,,,,
TGFB1,,OGT,,,,
TGFBI,,OLIG2,,,,
TGFBR1,,OPCML,,,,
TGFBR2,,OSGEP,,,,
TGFBR3,,OTC,,,,
TGIF1,,PAFAH1B1,,,,
THBD,,PALB2,,,,
THPO,,PALLD,,,,
THRA,,PARG,,,,
THRB,,PARK7,,,,
TIMP3,,PARP1,,,,
TINF2,,PARP2,,,,
TIRAP,,PARP3,,,,
TJP2,,PARPBP,,,,
TLX1,,PATZ1,,,,
TMEM127,,PAX2,,,,
TNFAIP3,,PAX3,,,,
TNFRSF10A,,PAX4,,,,
TNFRSF17,,PAX5,,,,
TOP1,,PAX6,,,,
TOP3A,,PAX7,,,,
TOPBP1,,PAX8,,,,
TOPORS,,PAXIP1,,,,
TP53,,PBRM1,,,,
TP63,,PBX1,,,,
TPM3,,PBX3,,,,
TPR,,PC,,,,
TRAF3,,PCM1,,,,
TRIM24,,PCNA,,,,
TRIM27,,PCSK9,,,,
TRIM37,,PCYT1A,,,,
TRIO,,PDCD1,,,,
TRIP11,,PDGFB,,,,
TRMT5,,PDGFRA,,,,
TSC1,,PDGFRB,,,,
TSC2,,PDHA1,,,,
TSHR,,PDS5B,,,,
TSHZ3,,PDX1,,,,
TUBA1A,,PER1,,,,
TUBB3,,PGK1,,,,
TUBGCP6,,PHF12,,,,
TUSC3,,PHLPP1,,,,
TYK2,,PHOX2B,,,,
UBE2N,,PIGA,,,,
UBE2V2,,PIK3CA,,,,
UBR5,,PIK3CB,,,,
UCHL1,,PIK3CD,,,,
UFL1,,PIK3CG,,,,
UGT1A1,,PIK3R1,,,,
UNG,,PIK3R2,,,,
UPF3B,,PIK3R3,,,,
UROD,,PIM1,,,,
USP6,,PITPNC1,,,,
USP9X,,PKD1,,,,
UVSSA,,PKP2,,,,
VAV1,,PLAG1,,,,
VAV2,,PLCB1,,,,
VCL,,PLCE1,,,,
VEGFA,,PLCG2,,,,
VHL,,PLEC,,,,
VIL1,,PLEKHG2,,,,
VPS53,,PLK2,,,,
VRK1,,PML,,,,
WAS,,PMM1,,,,
WDR48,,PMS1,,,,
WDR73,,PMS2,,,,
NSD2,,PMS2P3,,,,
NSD3,,PNKP,,,,
WIPF1,,PNN,,,,
CCN6,,PNPT1,,,,
WNK1,,POLA1,,,,
WNK2,,POLB,,,,
WNT3,,POLD1,,,,
GET1,,POLD2,,,,
WRN,,POLD3,,,,
WT1,,POLD4,,,,
WWOX,,POLE,,,,
XAB2,,POLE2,,,,
XIAP,,POLE3,,,,
XPA,,POLE4,,,,
XPC,,POLG,,,,
XPO1,,POLH,,,,
XRCC1,,POLI,,,,
XRCC2,,POLK,,,,
XRCC3,,POLL,,,,
XRCC4,,POLM,,,,
XRCC5,,POLN,,,,
XRN1,,POLQ,,,,
XYLT2,,POP1,,,,
YAP1,,POR,,,,
ZBTB16,,POT1,,,,
ZEB1,,POU2AF1,,,,
ZEB2,,PPA2,,,,
ZFHX3,,PPARG,,,,
ZFP36L1,,PPIA,,,,
ZMYM3,,PPM1D,,,,
ZMYND10,,PPP1CB,,,,
ZNF217,,PPP2R1A,,,,
ZNF407,,PPP2R2A,,,,
ZNF521,,PRDM1,,,,
ZSWIM7,,PRDM16,,,,
ANKLE1,,PRDM2,,,,
HIF1A,,PRF1,,,,
ABCB1,,PRICKLE1,,,,
ABCC1,,PRIMPOL,,,,
ABL1,,PRKAG2,,,,
ABRAXAS1,,PRKAR1A,,,,
ACACA,,PRKCD,,,,
ACTN4,,PRKCI,,,,
AFF4,,PRKD1,,,,
AFP,,PRKDC,,,,
AIG1,,PRKN,,,,
AKAP13,,PRODH,,,,
AKT2,,PRPF19,,,,
ALK,,PRPF8,,,,
ANKRD28,,PRR12,,,,
ANO1,,PRRG2,,,,
AP3S1,,PRRX1,,,,
ARHGEF12,,PRSS1,,,,
ARHGEF19,,PRX,,,,
ARID1A,,PTCH1,,,,
ARNT,,PTCH2,,,,
ASPSCR1,,PTEN,,,,
ATF1,,PTK2,,,,
ATF7IP,,PTPN11,,,,
ATG7,,PTPN2,,,,
ATR,,PTPN23,,,,
ATRX,,PTPN6,,,,
AXL,,PTPRC,,,,
BAIAP2,,PTPRD,,,,
BAP1,,PTPRJ,,,,
BARD1,,PTPRK,,,,
BCL2,,PTTG1,,,,
BCL6,,PUM1,,,,
BCOR,,PYGL,,,,
BCR,,RAD1,,,,
BMPR1A,,RAD17,,,,
BRAF,,RAD17,,,,
BRCA1,,RAD18,,,,
BRCA2,,RAD21,,,,
BRD4,,RAD23A,,,,
BRIP1,,RAD23B,,,,
RRM2,,RAD50,,,,
CBFB,,RAD51,,,,
CBX3,,RAD51B,,,,
CCDC6,,RAD51C,,,,
CCND1,,RAD51D,,,,
CCND3,,RAD52,,,,
CD19,,RAD54B,,,,
CD22,,RAD54L,,,,
CD38,,RAD9A,,,,
CD5,,RAF1,,,,
CDK12,,RALA,,,,
CDK4,,RANBP2,,,,
CDK6,,RARA,,,,
CDKN2B,,RARB,,,,
CEACAM5,,RASA1,,,,
CEACAM7,,RASA2,,,,
CEP72,,RASSF1,,,,
CHD7,,RB1,,,,
CKB,,RBBP8,,,,
CLIP1,,RBM10,,,,
CLTC,,RBM15,,,,
CLUL1,,RBM6,,,,
COL1A1,,RBMY1A1,,,,
CPQ,,RBX1,,,,
RAF1,,RDM1,,,,
CRLF2,,RECQL,,,,
CRYBG3,,RECQL4,,,,
CSF1R,,RECQL5,,,,
CTAG1BÂ ,,REL,,,,
CTAG2,,RELA,,,,
CTBS,,RELN,,,,
CXCL13,,REST,,,,
DLG2,,RET,,,,
DLL4,,REV1,,,,
DNAJB1,,REV3L,,,,
DNTT,,RFC1,,,,
DTL,,RFC2,,,,
DTX2,,RFC3,,,,
DUSP6,,RFC4,,,,
EGFR,,RFC5,,,,
EHD1,,RHBDF2,,,,
ELF1,,RHOA,,,,
EP400,,RICTOR,,,,
EPCAM,,RIF1,,,,
EPHA2,,RINT1,,,,
EPHA6,,RIT1,,,,
EPOR,,RMI1,,,,
ERG,,RNASET2,,,,
ERI1,,RNF13,,,,
ETV5,,RNF168,,,,
EWSR1,,RNF213,,,,
EXO1,,RNF43,,,,
EZH2,,RNF8,,,,
FAAP100,,RNPC3,,,,
FAAP20,,ROBO1,,,,
FAAP24,,ROBO2,,,,
FAM133B,,ROS1,,,,
FBXO32,,RPA1,,,,
FCER2,,RPA2,,,,
FGFR1,,RPA3,,,,
CEP43,,RPA4,,,,
FGFR2,,RPIA,,,,
FGFR3,,RPL13A,,,,
FGFR4,,RPLP0,,,,
FLT3,,RPS6KB1,,,,
FN1,,RRAS,,,,
FNDC3B,,RRAS2,,,,
FNIP2,,RRM1,,,,
FOLR1,,RRM2,,,,
FUBP1,,RRM2B,,,,
FUS,,RSPO2,,,,
FXYD5,,RSPO3,,,,
GAB1,,RTN4IP1,,,,
GOT1,,RTTN,,,,
GPX4,,RUNX1,,,,
Hey1,,RUNX1T1,,,,
HOXA10,,RUNX2,,,,
HOXA9,,RYR1,,,,
HSPA8,,RYR2,,,,
ICOS,,SAFB2,,,,
IGF1R,,SALL4,,,,
ITPR2,,SAMD5,,,,
JAK1,,SAMD9L,,,,
JUP,,SAMHD1,,,,
KANSL1,,SARS2,,,,
KDR,,SBDS,,,,
KIF13B,,SCAF8,,,,
KMT2A,,SCN5A,,,,
LITAF,,SDHA,,,,
LMNA,,SDHAF2,,,,
LMO7,,SDHB,,,,
LRP5,,SDHC,,,,
LYN,,SDHD,,,,
MAF,,SDK1,,,,
MAP2K2,,SEC24D,,,,
MAPKAPK5,,SEC31A,,,,
MCM4,,SEM1,,,,
MDM2,,SENP1,,,,
MECOM,,SERPINA1,,,,
MET,,SERPINC1,,,,
MITF,,SERPINE1,,,,
MLH1,,SET,,,,
MLLT3,,SETBP1,,,,
MME,,SETD2,,,,
MS4A1,,SETD5,,,,
MSH4,,SETMAR,,,,
MSH5,,SF3A1,,,,
MSH6,,SF3B1,,,,
MUS81,,SFRP1,,,,
MYB,,SFRP5,,,,
MYC,,SH2D1A,,,,
NBAS,,SH3GL1,,,,
NCOA2,,SH3PXD2A,,,,
NEBL,,SHH,,,,
NF2,,SHLD1,,,,
NFIB,,SHLD2,,,,
NHEJ1,,SHLD3,,,,
NOMO1,,SHOC2,,,,
NPM1,,SHPRH,,,,
NRG1,,SIK1,,,,
NTRK1,,SIN3A,,,,
NTRK2,,SKI,,,,
NTRK3,,SLC16A1,,,,
NUDT1,,SLC22A5,,,,
NUDT15,,SLC25A13,,,,
NUDT18,,SLC26A3,,,,
NUP214,,SLC29A3,,,,
NUP98,,SLC2A1,,,,
NUTM1,,SLC2A9,,,,
OFD1,,SLC45A3,,,,
PAFAH1B1,,SLC6A2,,,,
PARK7,,SLC6A5,,,,
PAX3,,SLCO1B3,,,,
PAX7,,SLX1A,,,,
PBX3,,SLX1B,,,,
PDGFRB,,SLX4,,,,
PER1,,SMAD2,,,,
PHF12,,SMAD3,,,,
PIK3R1,,SMAD4,,,,
PITPNC1,,SMARCA2,,,,
PLAG1,,SMARCA4,,,,
PML,,SMARCB1,,,,
POLL,,SMARCC1,,,,
POLM,,SMARCD2,,,,
POLN,,SMARCE1,,,,
POLQ,,SMC1A,,,,
PPP1CB,,SMC3,,,,
PPP2R2A,,SMC5,,,,
PRR12,,SMC6,,,,
PRRG2,,SMO,,,,
PTCH1,,SMUG1,,,,
PTK2,,SOCS1,,,,
RAD1,,SOCS3,,,,
RAD17,,SOD2,,,,
RAD18,,SOS1,,,,
RAD51B,,SOS2,,,,
RAD51C,,SOX10,,,,
RAD52,,SOX11,,,,
RAD54B,,SPECC1,,,,
RAD54L,,SPEN,,,,
RARA,,SPIDR,,,,
RB1,,SPINK1,,,,
RBM6,,SPO11,,,,
RELA,,SPRED1,,,,
RET,,SPRTN,,,,
RFC4,,SPTAN1,,,,
RIF1,,SPTBN1,,,,
RNF13,,SRC,,,,
RNF43,,SRGAP3,,,,
ROS1,,SRP72,,,,
RPA1,,SRY,,,,
RRM1,,SS18,,,,
RRM2B,,SSBP1,,,,
RSPO3,,SSX1,,,,
RUNX1,,ST13,,,,
RUNX2,,ST3GAL1,,,,
SAMD5,,STAG1,,,,
SCAF8,,STAG2,,,,
SDHB,,STAMBP,,,,
SDK1,,STAT1,,,,
SEC31A,,STAT3,,,,
SENP1,,STAT5A,,,,
SETD2,,STAT5B,,,,
SH3PXD2A,,STAT6,,,,
SLC2A9,,STIL,,,,
SLC45A3,,STK11,,,,
SMARCB1,,STK4,,,,
SMARCC1,,SUFU,,,,
SMARCD2,,SULF2,,,,
SPTBN1,,SUZ12,,,,
SRGAP3,,SWI5,,,,
SRP72,,SWSAP1,,,,
SS18,,SYK,,,,
ST3GAL1,,SYNE1,,,,
STAT6,,SYT6,,,,
STIL,,TAF15,,,,
SULF2,,TAFAZZIN,,,,
SUZ12,,TAL1,,,,
TCF3,,TAL2,,,,
TERT,,TAP1,,,,
TFE3,,TBP,,,,
TIAM2,,TBX5,,,,
TIMM23,,TCF12,,,,
TMEM135,,TCF3,,,,
TMPRSS2,,TCF4,,,,
TNFRSF8,,TCF7L2,,,,
TOM1L2,,TCL1A,,,,
TP53BP1,,TCL1B,,,,
TPD52L1,,TDG,,,,
TREX1,,TDP1,,,,
TREX2,,TDP2,,,,
TRIM2,,TEK,,,,
TTTY15,,TERC,,,,
UBAP1,,TERT,,,,
UBE2A,,TET2,,,,
UBE2B,,TFAP2A,,,,
UBE2T,,TFE3,,,,
UBTF,,TFG,,,,
USP1,,TFRC,,,,
USP9Y,,TGFB1,,,,
VGLL4,,TGFBI,,,,
VMP1,,TGFBR1,,,,
WIF1,,TGFBR2,,,,
WWTR1,,TGFBR3,,,,
XRCC6,,TGIF1,,,,
YES1,,THBD,,,,
ZDHHC5,,THPO,,,,
ZFPM2,,THRA,,,,
ZMIZ1,,THRB,,,,
ZMYM4,,TIAM2,,,,
HPRT1,,TIMM23,,,,
SDHA,,TIMP3,,,,
PPIA,,TINF2,,,,
GAPDH,,TIRAP,,,,
RPLP0,,TJP2,,,,
EEF1A1,,TLX1,,,,
MRPL19,,TMEM127,,,,
HUWE1,,TMEM135,,,,
SF3A1,,TMEM43,,,,
B2M,,TMPRSS2,,,,
IPO8,,TNFAIP3,,,,
HSP90AB1,,TNFRSF10A,,,,
HMBS,,TNFRSF14,,,,
ACTB,,TNFRSF17,,,,
PGK1,,TNFRSF8,,,,
RPL13A,,TNFSF13B,,,,
TBP,,TNNI3,,,,
YWHAZ,,TNNT2,,,,
GUSB,,TOM1L2,,,,
G6PD,,TOP1,,,,
PUM1,,TOP3A,,,,
PMM1,,TOPBP1,,,,
TFRC,,TOPORS,,,,
UBC,,TP53,,,,
GREB1,,TP53BP1,,,,
YWHAE,,TP63,,,,
TNFRSF6,,TPCN2,,,,
SRY,,TPD52L1,,,,
SERPINA1,,TPM1,,,,
MEN2A,,TPM3,,,,
MEN2B,,TPR,,,,
APOB,,TRAF3,,,,
FBN1,,TREX1,,,,
TMEM43,,TREX2,,,,
KCNQ1,,TRIM2,,,,
,,TRIM24,,,,
,,TRIM27,,,,
,,TRIM37,,,,
,,TRIO,,,,
,,TRIP11,,,,
,,TRMT5,,,,
,,TSC1,,,,
,,TSC2,,,,
,,TSHR,,,,
,,TSHZ3,,,,
,,TSPY1,,,,
,,TTTY15,,,,
,,TUBA1A,,,,
,,TUBB3,,,,
,,TUBGCP6,,,,
,,TUSC3,,,,
,,TYK2,,,,
,,U2AF1,,,,
,,UBAP1,,,,
,,UBC,,,,
,,UBE2A,,,,
,,UBE2A,,,,
,,UBE2B,,,,
,,UBE2N,,,,
,,UBE2T,,,,
,,UBE2V2,,,,
,,UBR5,,,,
,,UBTF,,,,
,,UCHL1,,,,
,,UFL1,,,,
,,UGT1A1,,,,
,,UGT1A1_rs34815109,,,,
,,UNG,,,,
,,UPF3B,,,,
,,UROD,,,,
,,USP1,,,,
,,USP6,,,,
,,USP9X,,,,
,,USP9Y,,,,
,,UVSSA,,,,
,,UXT,,,,
,,VAV1,,,,
,,VAV2,,,,
,,VCL,,,,
,,VEGFA,,,,
,,VGLL4,,,,
,,VHL,,,,
,,VIL1,,,,
,,VMP1,,,,
,,VPS53,,,,
,,VRK1,,,,
,,WAS,,,,
,,WDR48,,,,
,,WDR73,,,,
,,WIF1,,,,
,,WIPF1,,,,
,,WNK1,,,,
,,WNK2,,,,
,,WNT3,,,,
,,WRN,,,,
,,WT1,,,,
,,WWOX,,,,
,,WWTR1,,,,
,,XAB2,,,,
,,XIAP,,,,
,,XPA,,,,
,,XPC,,,,
,,XPO1,,,,
,,XRCC1,,,,
,,XRCC2,,,,
,,XRCC3,,,,
,,XRCC4,,,,
,,XRCC5,,,,
,,XRCC6,,,,
,,XRN1,,,,
,,XYLT2,,,,
,,YAP1,,,,
,,YES1,,,,
,,YWHAE,,,,
,,YWHAZ,,,,
,,ZBTB16,,,,
,,ZDHHC5,,,,
,,ZEB1,,,,
,,ZEB2,,,,
,,ZFHX3,,,,
,,ZFP36L1,,,,
,,ZFPM2,,,,
,,ZFY,,,,
,,ZMIZ1,,,,
,,ZMYM3,,,,
,,ZMYM4,,,,
,,ZMYND10,,,,
,,ZNF217,,,,
,,ZNF407,,,,
,,ZNF521,,,,
,,ZSWIM7,,,,
,,ACVR1B,,,,
,,ARFRP1,,,,
,,BCL2L1,,,,
,,BCL2L2,,,,
,,CALR,,,,
,,CD74,,,,
,,CIC,,,,
,,CXCR4,,,,
,,CYP2B6,,,,
,,CYP2C19,,,,
,,CYP2C8,,,,
,,CYP2D6,,,,
,,DAXX,,,,
,,DDR1,,,,
,,DHFR,,,,
,,DIS3,,,,
,,EED,,,,
,,EPHA3,,,,
,,EPHB1,,,,
,,TENT5C,,,,
,,FGF12,,,,
,,GABRA6,,,,
,,GID4,,,,
,,GRM3,,,,
,,GSTP1,,,,
,,HDAC1,,,,
,,HSD3B1,,,,
,,ID3,,,,
,,IKBKE,,,,
,,IRS2,,,,
,,KDM5A,,,,
,,KEL,,,,
,,KLHL6,,,,
,,LTK,,,,
,,MAP3K13,,,,
,,MEF2B,,,,
,,MKNK1,,,,
,,MST1R,,,,
,,NT5C2,,,,
,,P2RY8,,,,
,,PDCD1LG2,,,,
,,PDK1,,,,
,,PIK3C2B,,,,
,,PIK3C2G,,,,
,,PLK1,,,,
,,PTPRO,,,,
,,QKI,,,,
,,RAC1,,,,
,,RPTOR,,,,
,,SDC4,,,,
,,SGK1,,,,
,,SLC29A1,,,,
,,SLC34A2,,,,
,,SLCO1B1,,,,
,,SNCAIP,,,,
,,SOX9,,,,
,,SPARC,,,,
,,SPOP,,,,
,,STK11IP,,,,
,,SULT1A1,,,,
,,TBX3,,,,
,,TIPARP,,,,
,,TOP2A,,,,
,,TOP2B,,,,
,,TPMT,,,,
,,TYMP,,,,
,,TYRO3,,,,
,,ZNF703,,,,
,,AREG,,,,
,,EREG,,,,
,,HDAC2,,,,
,,SOX2,,,,
,,SEPTIN9,,,,
,,BCL11B,,,,
,,CREB1,,,,
,,EPHA7,,,,
,,EPHB6,,,,
,,IL6ST,,,,
,,ING4,,,,
,,MAP3K7,,,,
,,NOTCH4,,,,
,,PLCG1,,,,
,,PLEKHG5,,,,
,,PSIP1,,,,
,,PTPRT,,,,
,,RNF2,,,,
,,RPS6KA2,,,,
,,SRSF2,,,,
,,TAF1L,,,,
,,TCF7L1,,,,
,,TET1,,,,
,,THBS1,,,,
,,TLR4,,,,
,,TNK2,,,,
,,TRIM33,,,,
,,TRRAP,,,,
,,KMT2B,,,,
,,NFKBIA,,,,
,,STAT4,,,,
,,TAF1,,,,
,,ADGRA2,,,,
,,EPHA5,,,,
,,PRSS8,,,,
,,INHBA,,,,
,,FRS2,,,,
,,PAK3,,,,
,,LTF,,,,
,,TGM7,,,,
,,FAS,,,,
,,H3-3F,,,,
,,PARK2,,,,
,,ACVR1,,,,
,,ARID5B,,,,
,,BBC3,,,,
,,BCL2L11,,,,
,,BIRC3,,,,
,,CD276,,,,
,,CENPA,,,,
,,CSNK1A1,,,,
,,CUX1,,,,
,,DHX15,,,,
,,E2F3,,,,
,,EGFL7,,,,
,,EIF1AX,,,,
,,EIF4A2,,,,
,,FOXA1,,,,
,,GPS2,,,,
,,H3F3B,,,,
,,H33C,,,,
,,HIST1H1C,,,,
,,HIST1H2BD,,,,
,,HIST1H3A,,,,
,,HIST1H3B,,,,
,,HIST1H3C,,,,
,,HIST1H3D,,,,
,,HIST1H3E,,,,
,,HIST1H3F,,,,
,,HIST1H3G,,,,
,,HIST1H3H,,,,
,,HIST1H3I,,,,
,,HIST1H3J,,,,
,,HIST2H3A,,,,
,,HIST2H3C,,,,
,,HIST2H3D,,,,
,,HIST3H3,,,,
,,HLA-A,,,,
,,HLA-B,,,,
,,HLA-C,,,,
,,HNRNPK,,,,
,,HSP90AA1,,,,
,,ICOSLG,,,,
,,IL10,,,,
,,INHA,,,,
,,INPP4A,,,,
,,IRS1,,,,
,,MALT1,,,,
,,MAP3K4,,,,
,,MAPK3,,,,
,,MGA,,,,
,,MYOD1,,,,
,,NAB2,,,,
,,NCOR1,,,,
,,NEGR1,,,,
,,PAK1,,,,
,,PAK7,,,,
,,PDPK1,,,,
,,PGR,,,,
,,PHF6,,,,
,,PIK3C3,,,,
,,PMAIP1,,,,
,,PNRC1,,,,
,,PPP6C,,,,
,,PREX2,,,,
,,PTPRS,,,,
,,RAB35,,,,
,,RFWD2,,,,
,,RHEB,,,,
,,RPS6KA4,,,,
,,RPS6KB2,,,,
,,RYBP,,,,
,,SH2B3,,,,
,,SHQ1,,,,
,,SLIT2,,,,
,,SMARCD1,,,,
,,SOX17,,,,
,,SPTA1,,,,
,,STK40,,,,
,,TCEB1,,,,
,,TRAF2,,,,
,,TRAF7,,,,
,,VTCN1,,,,
,,WISP3,,,,
,,ZBTB2,,,,
,,ZBTB7A,,,,
,,ZRSR2,,,,
,,PCLO,,,,
,,SMG1,,,,
,,UNC13C,,,,
